Tire, Price, Five Star Reviews
Goodyear Assurance® All-Season,$71.99,4.19920015335083
Goodyear Assurance® Comfortred®,$226.99,4.473700046539307
Goodyear Assurance® ComforTred® Touring,$105.99,4.654300212860107
Goodyear Assurance® CS Fuel Max®,$131.99,4.3333001136779785
Goodyear Assurance® Fuel Max®,$89.99,4.247600078582764
Goodyear Assurance® WeatherReady®,$130.99,4.868899822235107
Goodyear Eagle® F1 Asymmetric All-Season,$133.99,4.420199871063232
Goodyear Eagle GT® II,$180.99,4.444399833679199
Goodyear Eagle® LS,$80.99,3.894700050354004
Goodyear Eagle® LS-2,$77.99,3.8726000785827637
Goodyear Eagle® LS-2 ROF,$221.99,3.0869998931884766
Goodyear Eagle RS-A®,$77.99,4.15500020980835
Goodyear Eagle® RS-A EMT,$425.99,4.599999904632568
Goodyear Eagle® RS-A2,$141.99,4.230800151824951
Goodyear Eagle® Sport All-Season,$88.99,4.462399959564209
Goodyear Eagle® Sport All-Season ROF,$176.99,3.6666998863220215
Goodyear Eagle® Touring,$154.99,5.0
Goodyear Eagle® Touring SoundComfort Technology®,$241.99,No reviews available
Kelly Edge A/S™,$67.99,4.199999809265137
Kelly Edge AT™,$96.99,3.9667000770568848
Kelly Edge HP™,$82.99,4.142899990081787
Goodyear Fierce Attitude M/T ™,$190.99,4.705900192260742
Goodyear Fortera® HL,$126.99,3.84660005569458
Goodyear Fortera SL®,$215.99,3.799999952316284
Dunlop Grandtrek® AT20™,$125.99,4.282599925994873
Dunlop Grandtrek® AT21™,$219.99,No reviews available
Dunlop Grandtrek® AT23™,$321.99,No reviews available
Dunlop Grandtrek® PT2A,$449.99,No reviews available
Dunlop Grandtrek® ST20™,$199.99,1.0
Dunlop Grandtrek® ST30™,$223.99,4.6666998863220215
Dunlop Grandtrek® Touring A/S,$176.99,3.933300018310547
Goodyear Integrity®,$72.99,4.064300060272217
Kelly Safari® TSR,$151.99,4.689700126647949
Dunlop Signature HP™,$121.99,4.428599834442139
Dunlop Signature II™,$98.99,4.071400165557861
Dunlop SP® 10,$122.99,No reviews available
Dunlop SP® 31™,$118.99,3.0
Dunlop SP® 31 A™,$140.99,No reviews available
Dunlop SP Sport® 4000® DSST® CTT™,$267.99,1.5
Dunlop SP Sport® 5000™,$70.99,3.6087000370025635
Dunlop SP Sport® 5000™ DSST® CTT™,$326.99,2.5999999046325684
Dunlop SP Sport® 5000M™ DSST® CTT™,$409.99,No reviews available
Dunlop SP Sport® 7000 A/S,$91.99,3.296299934387207
Dunlop SP Sport® 7010 A/S™ DSST®,$442.99,No reviews available
Dunlop SP Sport Maxx® A1 A/S™,$388.99,4.0
Dunlop SP Sport Maxx® A1-A A/S™,$256.99,No reviews available
Dunlop SP Sport® 5000M™,$150.99,2.200000047683716
Goodyear Wrangler® All-Terrain Adventure With Kevlar®,$171.99,4.5370001792907715
Goodyear Wrangler® ArmorTrac™,$196.99,4.099999904632568
Goodyear Wrangler® AT,$234.99,5.0
Goodyear Wrangler® AT/S,$157.99,4.46150016784668
Goodyear Wrangler DuraTrac®,$174.99,4.648900032043457
Goodyear Wrangler Fortitude HT™,$135.99,4.155200004577637
Goodyear Wrangler Fortitude HT™ LT,$193.99,No reviews available
Goodyear Wrangler® HP®,$151.99,3.6875
Goodyear Wrangler® HT,$148.99,4.5
Goodyear Wrangler MT/R® With Kevlar®,$218.99,4.530300140380859
Goodyear Wrangler® Radial,$96.99,4.3256001472473145
Goodyear Wrangler® SilentArmor®,$212.99,4.672599792480469
Goodyear Wrangler SR-A®,$109.99,3.9897000789642334
Goodyear Wrangler® ST,$106.99,4.189199924468994
Goodyear Wrangler TrailRunner AT™,$112.99,4.584400177001953
Goodyear Wrangler TrailRunner AT™ LT,$156.99,4.5
